Function,QESDO,DO,GWO,PSO,DE,GA
F1,0.000000e+00,3.757036e-40,1.303679e-23,1.531893e+01,1.513119e+00,1.748009e+00
F2,2.483202e-93,5.159371e-21,9.328997e-15,1.731600e+00,6.791786e-01,1.134453e-01
F3,5.903352e-150,5.160523e-40,2.264378e-02,5.689418e+03,2.998832e+03,4.810875e+03
F4,1.285516e-84,2.097830e-21,3.716911e-05,2.039818e+00,2.947298e+01,6.788676e+00
F5,2.115379e-02,1.355305e-02,8.102262e-01,1.204783e+03,5.986372e+02,2.582620e+02
F6,0.000000e+00,0.000000e+00,0.000000e+00,1.756319e+01,1.084398e+01,2.192201e+00
F7,8.381162e-04,4.018489e-02,1.177833e-03,3.012878e-02,6.384403e-02,1.991968e-02
F8,1.687826e+03,5.909068e+02,9.001724e+02,9.118871e+02,9.925687e+02,4.832847e+02
F9,4.013785e-05,2.317825e+02,5.372377e+00,2.796376e+01,2.096658e+01,4.907949e+00
F10,0.000000e+00,1.228336e-15,2.221060e-13,4.121955e-01,3.994756e-01,2.164969e-01
F11,0.000000e+00,0.000000e+00,5.392753e-03,1.378630e-01,2.626412e-01,1.658285e-02
F12,2.176837e-01,1.695062e-01,2.662309e-02,2.157472e+00,7.441050e+02,1.769007e-02
F13,5.526444e-03,9.013040e-01,2.515426e-01,7.416050e+01,1.594200e+04,2.571070e-01
F14,1.814845e-01,7.672319e+01,4.151716e+00,5.831177e-17,0.000000e+00,1.015605e+00
F15,4.885376e-04,3.291951e-02,8.128409e-03,3.627644e-03,3.422165e-04,6.478490e-03
F16,3.551705e-04,4.085551e-01,1.153179e-08,6.584326e-16,6.775215e-16,7.367282e-05
F17,3.443228e-05,1.004245e+00,1.244500e-04,0.000000e+00,0.000000e+00,3.034622e-04
F18,1.486006e-03,2.011262e+01,1.309227e-05,1.166235e-15,1.989449e-15,1.027061e+01
F19,4.855083e-04,2.012866e-01,1.752901e-03,2.640178e-15,2.710086e-15,6.153754e-06
F20,7.445719e-02,4.503506e-01,9.435238e-02,6.083559e-02,4.837025e-02,5.700457e-02
F21,2.733130e+00,1.496957e+00,1.925170e+00,3.317506e+00,2.066271e+00,3.319621e+00
F22,2.900611e+00,1.354216e+00,7.573583e-04,1.621840e+00,1.475184e-15,3.411692e+00
F23,2.848156e+00,1.139243e+00,1.481310e+00,2.682672e+00,1.223427e+00,3.474407e+00
